Question,Location,Answer,Count
What is your main mode of human waste disposal?,Sigor,Pit latrine (covered/uncovered),95
What is your main mode of human waste disposal?,Sigor,Septic tank,0
What is your main mode of human waste disposal?,Sigor,Bush,2
What is your main mode of human waste disposal?,Sigor,Other,1
What is your main mode of human waste disposal?,Sigor,Vip pit latrine,0
What is your main mode of human waste disposal?,Sigor,Main sewer,0
What is your main mode of human waste disposal?,Siongiroi,Pit latrine (covered/uncovered),80
What is your main mode of human waste disposal?,Siongiroi,Septic tank,0
What is your main mode of human waste disposal?,Siongiroi,Bush,2
What is your main mode of human waste disposal?,Siongiroi,Other,0
What is your main mode of human waste disposal?,Siongiroi,Vip pit latrine,2
What is your main mode of human waste disposal?,Siongiroi,Main sewer,0
What is your main mode of human waste disposal?,Singorwet,Pit latrine (covered/uncovered),54
What is your main mode of human waste disposal?,Singorwet,Septic tank,0
What is your main mode of human waste disposal?,Singorwet,Bush,0
What is your main mode of human waste disposal?,Singorwet,Other,0
What is your main mode of human waste disposal?,Singorwet,Vip pit latrine,5
What is your main mode of human waste disposal?,Singorwet,Main sewer,0
What is your main mode of human waste disposal?,Silibwet Township,Pit latrine (covered/uncovered),74
What is your main mode of human waste disposal?,Silibwet Township,Septic tank,0
What is your main mode of human waste disposal?,Silibwet Township,Bush,0
What is your main mode of human waste disposal?,Silibwet Township,Other,1
What is your main mode of human waste disposal?,Silibwet Township,Vip pit latrine,1
What is your main mode of human waste disposal?,Silibwet Township,Main sewer,0
What is your main mode of human waste disposal?,Kong sis,Pit latrine (covered/uncovered),80
What is your main mode of human waste disposal?,Kong sis,Septic tank,0
What is your main mode of human waste disposal?,Kong sis,Bush,0
What is your main mode of human waste disposal?,Kong sis,Other,0
What is your main mode of human waste disposal?,Kong sis,Vip pit latrine,0
What is your main mode of human waste disposal?,Kong sis,Main sewer,0
What is your main mode of human waste disposal?,Nyangores,Pit latrine (covered/uncovered),91
What is your main mode of human waste disposal?,Nyangores,Septic tank,1
What is your main mode of human waste disposal?,Nyangores,Bush,3
What is your main mode of human waste disposal?,Nyangores,Other,1
What is your main mode of human waste disposal?,Nyangores,Vip pit latrine,5
What is your main mode of human waste disposal?,Nyangores,Main sewer,0
What is your main mode of human waste disposal?,Mutarakwa,Pit latrine (covered/uncovered),56
What is your main mode of human waste disposal?,Mutarakwa,Septic tank,0
What is your main mode of human waste disposal?,Mutarakwa,Bush,0
What is your main mode of human waste disposal?,Mutarakwa,Other,0
What is your main mode of human waste disposal?,Mutarakwa,Vip pit latrine,2
What is your main mode of human waste disposal?,Mutarakwa,Main sewer,0
What is your main mode of human waste disposal?,Chebunyo,Pit latrine (covered/uncovered),85
What is your main mode of human waste disposal?,Chebunyo,Septic tank,0
What is your main mode of human waste disposal?,Chebunyo,Bush,7
What is your main mode of human waste disposal?,Chebunyo,Other,0
What is your main mode of human waste disposal?,Chebunyo,Vip pit latrine,0
What is your main mode of human waste disposal?,Chebunyo,Main sewer,0
What is your main mode of human waste disposal?,Ndaraweta,Pit latrine (covered/uncovered),59
What is your main mode of human waste disposal?,Ndaraweta,Septic tank,0
What is your main mode of human waste disposal?,Ndaraweta,Bush,0
What is your main mode of human waste disposal?,Ndaraweta,Other,0
What is your main mode of human waste disposal?,Ndaraweta,Vip pit latrine,1
What is your main mode of human waste disposal?,Ndaraweta,Main sewer,0
What is your main mode of human waste disposal?,Cheseon,Pit latrine (covered/uncovered),86
What is your main mode of human waste disposal?,Cheseon,Septic tank,0
What is your main mode of human waste disposal?,Cheseon,Bush,0
What is your main mode of human waste disposal?,Cheseon,Other,0
What is your main mode of human waste disposal?,Cheseon,Vip pit latrine,5
What is your main mode of human waste disposal?,Cheseon,Main sewer,1
What is the trekking distance to the current main water source?,Sigor,Less than 500m (Less than 15 minutes),76
What is the trekking distance to the current main water source?,Sigor,More than 2km (1-2hrs),6
What is the trekking distance to the current main water source?,Sigor,More than 1 km-less than 2km (30min-1 Hour),16
What is the trekking distance to the current main water source?,Sigor, ,0
What is the trekking distance to the current main water source?,Siongiroi,Less than 500m (Less than 15 minutes),75
What is the trekking distance to the current main water source?,Siongiroi,More than 2km (1-2hrs),1
What is the trekking distance to the current main water source?,Siongiroi,More than 1 km-less than 2km (30min-1 Hour),6
What is the trekking distance to the current main water source?,Siongiroi, ,2
What is the trekking distance to the current main water source?,Singorwet,Less than 500m (Less than 15 minutes),51
What is the trekking distance to the current main water source?,Singorwet,More than 2km (1-2hrs),1
What is the trekking distance to the current main water source?,Singorwet,More than 1 km-less than 2km (30min-1 Hour),6
What is the trekking distance to the current main water source?,Singorwet, ,1
What is the trekking distance to the current main water source?,Silibwet Township,Less than 500m (Less than 15 minutes),71
What is the trekking distance to the current main water source?,Silibwet Township,More than 2km (1-2hrs),2
What is the trekking distance to the current main water source?,Silibwet Township,More than 1 km-less than 2km (30min-1 Hour),3
What is the trekking distance to the current main water source?,Silibwet Township, ,0
What is the trekking distance to the current main water source?,Kong sis,Less than 500m (Less than 15 minutes),77
What is the trekking distance to the current main water source?,Kong sis,More than 2km (1-2hrs),2
What is the trekking distance to the current main water source?,Kong sis,More than 1 km-less than 2km (30min-1 Hour),1
What is the trekking distance to the current main water source?,Kong sis, ,0
What is the trekking distance to the current main water source?,Nyangores,Less than 500m (Less than 15 minutes),80
What is the trekking distance to the current main water source?,Nyangores,More than 2km (1-2hrs),6
What is the trekking distance to the current main water source?,Nyangores,More than 1 km-less than 2km (30min-1 Hour),12
What is the trekking distance to the current main water source?,Nyangores, ,3
What is the trekking distance to the current main water source?,Mutarakwa,Less than 500m (Less than 15 minutes),52
What is the trekking distance to the current main water source?,Mutarakwa,More than 2km (1-2hrs),1
What is the trekking distance to the current main water source?,Mutarakwa,More than 1 km-less than 2km (30min-1 Hour),2
What is the trekking distance to the current main water source?,Mutarakwa, ,3
What is the trekking distance to the current main water source?,Chebunyo,Less than 500m (Less than 15 minutes),78
What is the trekking distance to the current main water source?,Chebunyo,More than 2km (1-2hrs),4
What is the trekking distance to the current main water source?,Chebunyo,More than 1 km-less than 2km (30min-1 Hour),9
What is the trekking distance to the current main water source?,Chebunyo, ,1
What is the trekking distance to the current main water source?,Ndaraweta,Less than 500m (Less than 15 minutes),50
What is the trekking distance to the current main water source?,Ndaraweta,More than 2km (1-2hrs),1
What is the trekking distance to the current main water source?,Ndaraweta,More than 1 km-less than 2km (30min-1 Hour),7
What is the trekking distance to the current main water source?,Ndaraweta, ,2
What is the trekking distance to the current main water source?,Cheseon,Less than 500m (Less than 15 minutes),65
What is the trekking distance to the current main water source?,Cheseon,More than 2km (1-2hrs),15
What is the trekking distance to the current main water source?,Cheseon,More than 1 km-less than 2km (30min-1 Hour),10
What is the trekking distance to the current main water source?,Cheseon, ,2
Information on the importance of hand washing with soap has never been given to you,Sigor,Maybe,0
Information on the importance of hand washing with soap has never been given to you,Sigor,Yes,40
Information on the importance of hand washing with soap has never been given to you,Sigor,Don't Know,0
Information on the importance of hand washing with soap has never been given to you,Sigor,No,58
Information on the importance of hand washing with soap has never been given to you,Siongiroi,Maybe,0
Information on the importance of hand washing with soap has never been given to you,Siongiroi,Yes,51
Information on the importance of hand washing with soap has never been given to you,Siongiroi,Don't Know,0
Information on the importance of hand washing with soap has never been given to you,Siongiroi,No,33
Information on the importance of hand washing with soap has never been given to you,Singorwet,Maybe,1
Information on the importance of hand washing with soap has never been given to you,Singorwet,Yes,35
Information on the importance of hand washing with soap has never been given to you,Singorwet,Don't Know,1
Information on the importance of hand washing with soap has never been given to you,Singorwet,No,22
Information on the importance of hand washing with soap has never been given to you,Silibwet Township,Maybe,3
Information on the importance of hand washing with soap has never been given to you,Silibwet Township,Yes,31
Information on the importance of hand washing with soap has never been given to you,Silibwet Township,Don't Know,0
Information on the importance of hand washing with soap has never been given to you,Silibwet Township,No,42
Information on the importance of hand washing with soap has never been given to you,Kong sis,Maybe,0
Information on the importance of hand washing with soap has never been given to you,Kong sis,Yes,46
Information on the importance of hand washing with soap has never been given to you,Kong sis,Don't Know,0
Information on the importance of hand washing with soap has never been given to you,Kong sis,No,34
Information on the importance of hand washing with soap has never been given to you,Nyangores,Maybe,0
Information on the importance of hand washing with soap has never been given to you,Nyangores,Yes,53
Information on the importance of hand washing with soap has never been given to you,Nyangores,Don't Know,0
Information on the importance of hand washing with soap has never been given to you,Nyangores,No,48
Information on the importance of hand washing with soap has never been given to you,Mutarakwa,Maybe,1
Information on the importance of hand washing with soap has never been given to you,Mutarakwa,Yes,16
Information on the importance of hand washing with soap has never been given to you,Mutarakwa,Don't Know,0
Information on the importance of hand washing with soap has never been given to you,Mutarakwa,No,41
Information on the importance of hand washing with soap has never been given to you,Chebunyo,Maybe,0
Information on the importance of hand washing with soap has never been given to you,Chebunyo,Yes,39
Information on the importance of hand washing with soap has never been given to you,Chebunyo,Don't Know,0
Information on the importance of hand washing with soap has never been given to you,Chebunyo,No,53
Information on the importance of hand washing with soap has never been given to you,Ndaraweta,Maybe,0
Information on the importance of hand washing with soap has never been given to you,Ndaraweta,Yes,26
Information on the importance of hand washing with soap has never been given to you,Ndaraweta,Don't Know,1
Information on the importance of hand washing with soap has never been given to you,Ndaraweta,No,33
Information on the importance of hand washing with soap has never been given to you,Cheseon,Maybe,0
Information on the importance of hand washing with soap has never been given to you,Cheseon,Yes,37
Information on the importance of hand washing with soap has never been given to you,Cheseon,Don't Know,1
Information on the importance of hand washing with soap has never been given to you,Cheseon,No,54
What is your main current source of income,Sigor,Permanent job,9
What is your main current source of income,Sigor,Sale of livestock products,11
What is your main current source of income,Sigor,Sale of crops,38
What is your main current source of income,Sigor,No income,3
What is your main current source of income,Sigor,Sale of livestock,2
What is your main current source of income,Sigor,Remittance,1
What is your main current source of income,Sigor,Sale of personal assets,0
What is your main current source of income,Sigor,Casual labor,20
What is your main current source of income,Sigor,Not Applicable,1
What is your main current source of income,Sigor,Petty trading e.g. sale of firewood,13
What is your main current source of income,Siongiroi,Permanent job,8
What is your main current source of income,Siongiroi,Sale of livestock products,21
What is your main current source of income,Siongiroi,Sale of crops,22
What is your main current source of income,Siongiroi,No income,1
What is your main current source of income,Siongiroi,Sale of livestock,3
What is your main current source of income,Siongiroi,Remittance,3
What is your main current source of income,Siongiroi,Sale of personal assets,1
What is your main current source of income,Siongiroi,Casual labor,17
What is your main current source of income,Siongiroi,Not Applicable,1
What is your main current source of income,Siongiroi,Petty trading e.g. sale of firewood,7
What is your main current source of income,Singorwet,Permanent job,5
What is your main current source of income,Singorwet,Sale of livestock products,0
What is your main current source of income,Singorwet,Sale of crops,31
What is your main current source of income,Singorwet,No income,1
What is your main current source of income,Singorwet,Sale of livestock,0
What is your main current source of income,Singorwet,Remittance,1
What is your main current source of income,Singorwet,Sale of personal assets,0
What is your main current source of income,Singorwet,Casual labor,18
What is your main current source of income,Singorwet,Not Applicable,2
What is your main current source of income,Singorwet,Petty trading e.g. sale of firewood,1
What is your main current source of income,Silibwet Township,Permanent job,3
What is your main current source of income,Silibwet Township,Sale of livestock products,0
What is your main current source of income,Silibwet Township,Sale of crops,40
What is your main current source of income,Silibwet Township,No income,1
What is your main current source of income,Silibwet Township,Sale of livestock,1
What is your main current source of income,Silibwet Township,Remittance,0
What is your main current source of income,Silibwet Township,Sale of personal assets,2
What is your main current source of income,Silibwet Township,Casual labor,23
What is your main current source of income,Silibwet Township,Not Applicable,1
What is your main current source of income,Silibwet Township,Petty trading e.g. sale of firewood,5
What is your main current source of income,Kong sis,Permanent job,8
What is your main current source of income,Kong sis,Sale of livestock products,19
What is your main current source of income,Kong sis,Sale of crops,32
What is your main current source of income,Kong sis,No income,1
What is your main current source of income,Kong sis,Sale of livestock,2
What is your main current source of income,Kong sis,Remittance,5
What is your main current source of income,Kong sis,Sale of personal assets,0
What is your main current source of income,Kong sis,Casual labor,12
What is your main current source of income,Kong sis,Not Applicable,1
What is your main current source of income,Kong sis,Petty trading e.g. sale of firewood,0
What is your main current source of income,Nyangores,Permanent job,12
What is your main current source of income,Nyangores,Sale of livestock products,3
What is your main current source of income,Nyangores,Sale of crops,26
What is your main current source of income,Nyangores,No income,1
What is your main current source of income,Nyangores,Sale of livestock,0
What is your main current source of income,Nyangores,Remittance,4
What is your main current source of income,Nyangores,Sale of personal assets,2
What is your main current source of income,Nyangores,Casual labor,32
What is your main current source of income,Nyangores,Not Applicable,12
What is your main current source of income,Nyangores,Petty trading e.g. sale of firewood,9
What is your main current source of income,Mutarakwa,Permanent job,3
What is your main current source of income,Mutarakwa,Sale of livestock products,2
What is your main current source of income,Mutarakwa,Sale of crops,28
What is your main current source of income,Mutarakwa,No income,2
What is your main current source of income,Mutarakwa,Sale of livestock,2
What is your main current source of income,Mutarakwa,Remittance,3
What is your main current source of income,Mutarakwa,Sale of personal assets,0
What is your main current source of income,Mutarakwa,Casual labor,16
What is your main current source of income,Mutarakwa,Not Applicable,0
What is your main current source of income,Mutarakwa,Petty trading e.g. sale of firewood,2
What is your main current source of income,Chebunyo,Permanent job,16
What is your main current source of income,Chebunyo,Sale of livestock products,4
What is your main current source of income,Chebunyo,Sale of crops,30
What is your main current source of income,Chebunyo,No income,0
What is your main current source of income,Chebunyo,Sale of livestock,1
What is your main current source of income,Chebunyo,Remittance,5
What is your main current source of income,Chebunyo,Sale of personal assets,0
What is your main current source of income,Chebunyo,Casual labor,23
What is your main current source of income,Chebunyo,Not Applicable,3
What is your main current source of income,Chebunyo,Petty trading e.g. sale of firewood,10
What is your main current source of income,Ndaraweta,Permanent job,4
What is your main current source of income,Ndaraweta,Sale of livestock products,0
What is your main current source of income,Ndaraweta,Sale of crops,46
What is your main current source of income,Ndaraweta,No income,0
What is your main current source of income,Ndaraweta,Sale of livestock,0
What is your main current source of income,Ndaraweta,Remittance,0
What is your main current source of income,Ndaraweta,Sale of personal assets,0
What is your main current source of income,Ndaraweta,Casual labor,10
What is your main current source of income,Ndaraweta,Not Applicable,0
What is your main current source of income,Ndaraweta,Petty trading e.g. sale of firewood,0
What is your main current source of income,Cheseon,Permanent job,7
What is your main current source of income,Cheseon,Sale of livestock products,2
What is your main current source of income,Cheseon,Sale of crops,56
What is your main current source of income,Cheseon,No income,1
What is your main current source of income,Cheseon,Sale of livestock,0
What is your main current source of income,Cheseon,Remittance,1
What is your main current source of income,Cheseon,Sale of personal assets,1
What is your main current source of income,Cheseon,Casual labor,20
What is your main current source of income,Cheseon,Not Applicable,3
What is your main current source of income,Cheseon,Petty trading e.g. sale of firewood,1
What is the main source of drinking water for members of your household?,Sigor,Rain water collection,18
What is the main source of drinking water for members of your household?,Sigor,Tubewell/borehole (& pump),0
What is the main source of drinking water for members of your household?,Sigor,"Surface water (e.g. river, pond)",43
What is the main source of drinking water for members of your household?,Sigor,Unprotected dug well,2
What is the main source of drinking water for members of your household?,Sigor,Tanker truck,0
What is the main source of drinking water for members of your household?,Sigor,Public tap/standpipe,3
What is the main source of drinking water for members of your household?,Sigor,Piped water,16
What is the main source of drinking water for members of your household?,Sigor,Unprotected spring,7
What is the main source of drinking water for members of your household?,Sigor,Protected dug well,1
What is the main source of drinking water for members of your household?,Sigor,Small water vendor,0
What is the main source of drinking water for members of your household?,Sigor,Other,0
What is the main source of drinking water for members of your household?,Sigor,Protected spring,8
What is the main source of drinking water for members of your household?,Siongiroi,Rain water collection,24
What is the main source of drinking water for members of your household?,Siongiroi,Tubewell/borehole (& pump),6
What is the main source of drinking water for members of your household?,Siongiroi,"Surface water (e.g. river, pond)",23
What is the main source of drinking water for members of your household?,Siongiroi,Unprotected dug well,16
What is the main source of drinking water for members of your household?,Siongiroi,Tanker truck,0
What is the main source of drinking water for members of your household?,Siongiroi,Public tap/standpipe,0
What is the main source of drinking water for members of your household?,Siongiroi,Piped water,14
What is the main source of drinking water for members of your household?,Siongiroi,Unprotected spring,1
What is the main source of drinking water for members of your household?,Siongiroi,Protected dug well,0
What is the main source of drinking water for members of your household?,Siongiroi,Small water vendor,0
What is the main source of drinking water for members of your household?,Siongiroi,Other,0
What is the main source of drinking water for members of your household?,Siongiroi,Protected spring,0
What is the main source of drinking water for members of your household?,Singorwet,Rain water collection,8
What is the main source of drinking water for members of your household?,Singorwet,Tubewell/borehole (& pump),0
What is the main source of drinking water for members of your household?,Singorwet,"Surface water (e.g. river, pond)",9
What is the main source of drinking water for members of your household?,Singorwet,Unprotected dug well,7
What is the main source of drinking water for members of your household?,Singorwet,Tanker truck,0
What is the main source of drinking water for members of your household?,Singorwet,Public tap/standpipe,0
What is the main source of drinking water for members of your household?,Singorwet,Piped water,1
What is the main source of drinking water for members of your household?,Singorwet,Unprotected spring,16
What is the main source of drinking water for members of your household?,Singorwet,Protected dug well,5
What is the main source of drinking water for members of your household?,Singorwet,Small water vendor,0
What is the main source of drinking water for members of your household?,Singorwet,Other,0
What is the main source of drinking water for members of your household?,Singorwet,Protected spring,13
What is the main source of drinking water for members of your household?,Silibwet Township,Rain water collection,7
What is the main source of drinking water for members of your household?,Silibwet Township,Tubewell/borehole (& pump),0
What is the main source of drinking water for members of your household?,Silibwet Township,"Surface water (e.g. river, pond)",14
What is the main source of drinking water for members of your household?,Silibwet Township,Unprotected dug well,5
What is the main source of drinking water for members of your household?,Silibwet Township,Tanker truck,1
What is the main source of drinking water for members of your household?,Silibwet Township,Public tap/standpipe,2
What is the main source of drinking water for members of your household?,Silibwet Township,Piped water,6
What is the main source of drinking water for members of your household?,Silibwet Township,Unprotected spring,13
What is the main source of drinking water for members of your household?,Silibwet Township,Protected dug well,5
What is the main source of drinking water for members of your household?,Silibwet Township,Small water vendor,1
What is the main source of drinking water for members of your household?,Silibwet Township,Other,3
What is the main source of drinking water for members of your household?,Silibwet Township,Protected spring,19
What is the main source of drinking water for members of your household?,Kong sis,Rain water collection,26
What is the main source of drinking water for members of your household?,Kong sis,Tubewell/borehole (& pump),3
What is the main source of drinking water for members of your household?,Kong sis,"Surface water (e.g. river, pond)",18
What is the main source of drinking water for members of your household?,Kong sis,Unprotected dug well,27
What is the main source of drinking water for members of your household?,Kong sis,Tanker truck,0
What is the main source of drinking water for members of your household?,Kong sis,Public tap/standpipe,1
What is the main source of drinking water for members of your household?,Kong sis,Piped water,4
What is the main source of drinking water for members of your household?,Kong sis,Unprotected spring,0
What is the main source of drinking water for members of your household?,Kong sis,Protected dug well,1
What is the main source of drinking water for members of your household?,Kong sis,Small water vendor,0
What is the main source of drinking water for members of your household?,Kong sis,Other,0
What is the main source of drinking water for members of your household?,Kong sis,Protected spring,0
What is the main source of drinking water for members of your household?,Nyangores,Rain water collection,8
What is the main source of drinking water for members of your household?,Nyangores,Tubewell/borehole (& pump),4
What is the main source of drinking water for members of your household?,Nyangores,"Surface water (e.g. river, pond)",41
What is the main source of drinking water for members of your household?,Nyangores,Unprotected dug well,9
What is the main source of drinking water for members of your household?,Nyangores,Tanker truck,0
What is the main source of drinking water for members of your household?,Nyangores,Public tap/standpipe,13
What is the main source of drinking water for members of your household?,Nyangores,Piped water,9
What is the main source of drinking water for members of your household?,Nyangores,Unprotected spring,4
What is the main source of drinking water for members of your household?,Nyangores,Protected dug well,5
What is the main source of drinking water for members of your household?,Nyangores,Small water vendor,2
What is the main source of drinking water for members of your household?,Nyangores,Other,2
What is the main source of drinking water for members of your household?,Nyangores,Protected spring,4
What is the main source of drinking water for members of your household?,Mutarakwa,Rain water collection,3
What is the main source of drinking water for members of your household?,Mutarakwa,Tubewell/borehole (& pump),6
What is the main source of drinking water for members of your household?,Mutarakwa,"Surface water (e.g. river, pond)",6
What is the main source of drinking water for members of your household?,Mutarakwa,Unprotected dug well,9
What is the main source of drinking water for members of your household?,Mutarakwa,Tanker truck,0
What is the main source of drinking water for members of your household?,Mutarakwa,Public tap/standpipe,0
What is the main source of drinking water for members of your household?,Mutarakwa,Piped water,2
What is the main source of drinking water for members of your household?,Mutarakwa,Unprotected spring,23
What is the main source of drinking water for members of your household?,Mutarakwa,Protected dug well,4
What is the main source of drinking water for members of your household?,Mutarakwa,Small water vendor,0
What is the main source of drinking water for members of your household?,Mutarakwa,Other,0
What is the main source of drinking water for members of your household?,Mutarakwa,Protected spring,5
What is the main source of drinking water for members of your household?,Chebunyo,Rain water collection,26
What is the main source of drinking water for members of your household?,Chebunyo,Tubewell/borehole (& pump),4
What is the main source of drinking water for members of your household?,Chebunyo,"Surface water (e.g. river, pond)",51
What is the main source of drinking water for members of your household?,Chebunyo,Unprotected dug well,9
What is the main source of drinking water for members of your household?,Chebunyo,Tanker truck,0
What is the main source of drinking water for members of your household?,Chebunyo,Public tap/standpipe,0
What is the main source of drinking water for members of your household?,Chebunyo,Piped water,0
What is the main source of drinking water for members of your household?,Chebunyo,Unprotected spring,0
What is the main source of drinking water for members of your household?,Chebunyo,Protected dug well,1
What is the main source of drinking water for members of your household?,Chebunyo,Small water vendor,0
What is the main source of drinking water for members of your household?,Chebunyo,Other,1
What is the main source of drinking water for members of your household?,Chebunyo,Protected spring,0
What is the main source of drinking water for members of your household?,Ndaraweta,Rain water collection,6
What is the main source of drinking water for members of your household?,Ndaraweta,Tubewell/borehole (& pump),0
What is the main source of drinking water for members of your household?,Ndaraweta,"Surface water (e.g. river, pond)",8
What is the main source of drinking water for members of your household?,Ndaraweta,Unprotected dug well,7
What is the main source of drinking water for members of your household?,Ndaraweta,Tanker truck,0
What is the main source of drinking water for members of your household?,Ndaraweta,Public tap/standpipe,0
What is the main source of drinking water for members of your household?,Ndaraweta,Piped water,0
What is the main source of drinking water for members of your household?,Ndaraweta,Unprotected spring,30
What is the main source of drinking water for members of your household?,Ndaraweta,Protected dug well,2
What is the main source of drinking water for members of your household?,Ndaraweta,Small water vendor,0
What is the main source of drinking water for members of your household?,Ndaraweta,Other,0
What is the main source of drinking water for members of your household?,Ndaraweta,Protected spring,7
What is the main source of drinking water for members of your household?,Cheseon,Rain water collection,5
What is the main source of drinking water for members of your household?,Cheseon,Tubewell/borehole (& pump),0
What is the main source of drinking water for members of your household?,Cheseon,"Surface water (e.g. river, pond)",21
What is the main source of drinking water for members of your household?,Cheseon,Unprotected dug well,6
What is the main source of drinking water for members of your household?,Cheseon,Tanker truck,0
What is the main source of drinking water for members of your household?,Cheseon,Public tap/standpipe,0
What is the main source of drinking water for members of your household?,Cheseon,Piped water,1
What is the main source of drinking water for members of your household?,Cheseon,Unprotected spring,24
What is the main source of drinking water for members of your household?,Cheseon,Protected dug well,10
What is the main source of drinking water for members of your household?,Cheseon,Small water vendor,0
What is the main source of drinking water for members of your household?,Cheseon,Other,2
What is the main source of drinking water for members of your household?,Cheseon,Protected spring,23
Main Occupation of the Household Head _ HH,Sigor,Livestock herding,3
Main Occupation of the Household Head _ HH,Sigor,Employed (salaried),9
Main Occupation of the Household Head _ HH,Sigor,Waged labour (Casual),22
Main Occupation of the Household Head _ HH,Sigor,Own farm labour,49
Main Occupation of the Household Head _ HH,Sigor,Merchant/trader,2
Main Occupation of the Household Head _ HH,Sigor,Petty trade,9
Main Occupation of the Household Head _ HH,Sigor,Not Applicable,0
Main Occupation of the Household Head _ HH,Sigor,Firewood/charcoal,4
Main Occupation of the Household Head _ HH,Siongiroi,Livestock herding,13
Main Occupation of the Household Head _ HH,Siongiroi,Employed (salaried),10
Main Occupation of the Household Head _ HH,Siongiroi,Waged labour (Casual),17
Main Occupation of the Household Head _ HH,Siongiroi,Own farm labour,35
Main Occupation of the Household Head _ HH,Siongiroi,Merchant/trader,3
Main Occupation of the Household Head _ HH,Siongiroi,Petty trade,4
Main Occupation of the Household Head _ HH,Siongiroi,Not Applicable,2
Main Occupation of the Household Head _ HH,Siongiroi,Firewood/charcoal,0
Main Occupation of the Household Head _ HH,Singorwet,Livestock herding,0
Main Occupation of the Household Head _ HH,Singorwet,Employed (salaried),7
Main Occupation of the Household Head _ HH,Singorwet,Waged labour (Casual),18
Main Occupation of the Household Head _ HH,Singorwet,Own farm labour,30
Main Occupation of the Household Head _ HH,Singorwet,Merchant/trader,0
Main Occupation of the Household Head _ HH,Singorwet,Petty trade,1
Main Occupation of the Household Head _ HH,Singorwet,Not Applicable,3
Main Occupation of the Household Head _ HH,Singorwet,Firewood/charcoal,0
Main Occupation of the Household Head _ HH,Silibwet Township,Livestock herding,0
Main Occupation of the Household Head _ HH,Silibwet Township,Employed (salaried),5
Main Occupation of the Household Head _ HH,Silibwet Township,Waged labour (Casual),24
Main Occupation of the Household Head _ HH,Silibwet Township,Own farm labour,40
Main Occupation of the Household Head _ HH,Silibwet Township,Merchant/trader,2
Main Occupation of the Household Head _ HH,Silibwet Township,Petty trade,2
Main Occupation of the Household Head _ HH,Silibwet Township,Not Applicable,2
Main Occupation of the Household Head _ HH,Silibwet Township,Firewood/charcoal,1
Main Occupation of the Household Head _ HH,Kong sis,Livestock herding,5
Main Occupation of the Household Head _ HH,Kong sis,Employed (salaried),9
Main Occupation of the Household Head _ HH,Kong sis,Waged labour (Casual),12
Main Occupation of the Household Head _ HH,Kong sis,Own farm labour,49
Main Occupation of the Household Head _ HH,Kong sis,Merchant/trader,3
Main Occupation of the Household Head _ HH,Kong sis,Petty trade,1
Main Occupation of the Household Head _ HH,Kong sis,Not Applicable,1
Main Occupation of the Household Head _ HH,Kong sis,Firewood/charcoal,0
Main Occupation of the Household Head _ HH,Nyangores,Livestock herding,1
Main Occupation of the Household Head _ HH,Nyangores,Employed (salaried),14
Main Occupation of the Household Head _ HH,Nyangores,Waged labour (Casual),29
Main Occupation of the Household Head _ HH,Nyangores,Own farm labour,30
Main Occupation of the Household Head _ HH,Nyangores,Merchant/trader,5
Main Occupation of the Household Head _ HH,Nyangores,Petty trade,12
Main Occupation of the Household Head _ HH,Nyangores,Not Applicable,9
Main Occupation of the Household Head _ HH,Nyangores,Firewood/charcoal,1
Main Occupation of the Household Head _ HH,Mutarakwa,Livestock herding,1
Main Occupation of the Household Head _ HH,Mutarakwa,Employed (salaried),4
Main Occupation of the Household Head _ HH,Mutarakwa,Waged labour (Casual),17
Main Occupation of the Household Head _ HH,Mutarakwa,Own farm labour,34
Main Occupation of the Household Head _ HH,Mutarakwa,Merchant/trader,0
Main Occupation of the Household Head _ HH,Mutarakwa,Petty trade,2
Main Occupation of the Household Head _ HH,Mutarakwa,Not Applicable,0
Main Occupation of the Household Head _ HH,Mutarakwa,Firewood/charcoal,0
Main Occupation of the Household Head _ HH,Chebunyo,Livestock herding,1
Main Occupation of the Household Head _ HH,Chebunyo,Employed (salaried),17
Main Occupation of the Household Head _ HH,Chebunyo,Waged labour (Casual),20
Main Occupation of the Household Head _ HH,Chebunyo,Own farm labour,31
Main Occupation of the Household Head _ HH,Chebunyo,Merchant/trader,7
Main Occupation of the Household Head _ HH,Chebunyo,Petty trade,11
Main Occupation of the Household Head _ HH,Chebunyo,Not Applicable,5
Main Occupation of the Household Head _ HH,Chebunyo,Firewood/charcoal,0
Main Occupation of the Household Head _ HH,Ndaraweta,Livestock herding,0
Main Occupation of the Household Head _ HH,Ndaraweta,Employed (salaried),5
Main Occupation of the Household Head _ HH,Ndaraweta,Waged labour (Casual),11
Main Occupation of the Household Head _ HH,Ndaraweta,Own farm labour,43
Main Occupation of the Household Head _ HH,Ndaraweta,Merchant/trader,0
Main Occupation of the Household Head _ HH,Ndaraweta,Petty trade,1
Main Occupation of the Household Head _ HH,Ndaraweta,Not Applicable,0
Main Occupation of the Household Head _ HH,Ndaraweta,Firewood/charcoal,0
Main Occupation of the Household Head _ HH,Cheseon,Livestock herding,1
Main Occupation of the Household Head _ HH,Cheseon,Employed (salaried),9
Main Occupation of the Household Head _ HH,Cheseon,Waged labour (Casual),15
Main Occupation of the Household Head _ HH,Cheseon,Own farm labour,60
Main Occupation of the Household Head _ HH,Cheseon,Merchant/trader,0
Main Occupation of the Household Head _ HH,Cheseon,Petty trade,2
Main Occupation of the Household Head _ HH,Cheseon,Not Applicable,5
Main Occupation of the Household Head _ HH,Cheseon,Firewood/charcoal,0
Where do you store water for drinking?,Sigor,Open container / Jerrican,15
Where do you store water for drinking?,Sigor,Closed container / Jerrican,83
Where do you store water for drinking?,Siongiroi,Open container / Jerrican,12
Where do you store water for drinking?,Siongiroi,Closed container / Jerrican,72
Where do you store water for drinking?,Singorwet,Open container / Jerrican,6
Where do you store water for drinking?,Singorwet,Closed container / Jerrican,53
Where do you store water for drinking?,Silibwet Township,Open container / Jerrican,6
Where do you store water for drinking?,Silibwet Township,Closed container / Jerrican,70
Where do you store water for drinking?,Kong sis,Open container / Jerrican,17
Where do you store water for drinking?,Kong sis,Closed container / Jerrican,63
Where do you store water for drinking?,Nyangores,Open container / Jerrican,8
Where do you store water for drinking?,Nyangores,Closed container / Jerrican,93
Where do you store water for drinking?,Mutarakwa,Open container / Jerrican,7
Where do you store water for drinking?,Mutarakwa,Closed container / Jerrican,51
Where do you store water for drinking?,Chebunyo,Open container / Jerrican,19
Where do you store water for drinking?,Chebunyo,Closed container / Jerrican,73
Where do you store water for drinking?,Ndaraweta,Open container / Jerrican,8
Where do you store water for drinking?,Ndaraweta,Closed container / Jerrican,52
Where do you store water for drinking?,Cheseon,Open container / Jerrican,10
Where do you store water for drinking?,Cheseon,Closed container / Jerrican,82
How many mosquito nets does this household have?  ____________________,Sigor,1,12
How many mosquito nets does this household have?  ____________________,Sigor,0,30
How many mosquito nets does this household have?  ____________________,Sigor,3,17
How many mosquito nets does this household have?  ____________________,Sigor,2,28
How many mosquito nets does this household have?  ____________________,Sigor,5,3
How many mosquito nets does this household have?  ____________________,Sigor,4,8
How many mosquito nets does this household have?  ____________________,Sigor,7,0
How many mosquito nets does this household have?  ____________________,Sigor,6,0
How many mosquito nets does this household have?  ____________________,Sigor,9,0
How many mosquito nets does this household have?  ____________________,Sigor,8,0
How many mosquito nets does this household have?  ____________________,Siongiroi,1,12
How many mosquito nets does this household have?  ____________________,Siongiroi,0,14
How many mosquito nets does this household have?  ____________________,Siongiroi,3,16
How many mosquito nets does this household have?  ____________________,Siongiroi,2,26
How many mosquito nets does this household have?  ____________________,Siongiroi,5,0
How many mosquito nets does this household have?  ____________________,Siongiroi,4,12
How many mosquito nets does this household have?  ____________________,Siongiroi,7,0
How many mosquito nets does this household have?  ____________________,Siongiroi,6,3
How many mosquito nets does this household have?  ____________________,Siongiroi,9,0
How many mosquito nets does this household have?  ____________________,Siongiroi,8,1
How many mosquito nets does this household have?  ____________________,Singorwet,1,6
How many mosquito nets does this household have?  ____________________,Singorwet,0,13
How many mosquito nets does this household have?  ____________________,Singorwet,3,15
How many mosquito nets does this household have?  ____________________,Singorwet,2,18
How many mosquito nets does this household have?  ____________________,Singorwet,5,1
How many mosquito nets does this household have?  ____________________,Singorwet,4,6
How many mosquito nets does this household have?  ____________________,Singorwet,7,0
How many mosquito nets does this household have?  ____________________,Singorwet,6,0
How many mosquito nets does this household have?  ____________________,Singorwet,9,0
How many mosquito nets does this household have?  ____________________,Singorwet,8,0
How many mosquito nets does this household have?  ____________________,Silibwet Township,1,10
How many mosquito nets does this household have?  ____________________,Silibwet Township,0,12
How many mosquito nets does this household have?  ____________________,Silibwet Township,3,12
How many mosquito nets does this household have?  ____________________,Silibwet Township,2,18
How many mosquito nets does this household have?  ____________________,Silibwet Township,5,4
How many mosquito nets does this household have?  ____________________,Silibwet Township,4,11
How many mosquito nets does this household have?  ____________________,Silibwet Township,7,1
How many mosquito nets does this household have?  ____________________,Silibwet Township,6,8
How many mosquito nets does this household have?  ____________________,Silibwet Township,9,0
How many mosquito nets does this household have?  ____________________,Silibwet Township,8,0
How many mosquito nets does this household have?  ____________________,Kong sis,1,4
How many mosquito nets does this household have?  ____________________,Kong sis,0,19
How many mosquito nets does this household have?  ____________________,Kong sis,3,17
How many mosquito nets does this household have?  ____________________,Kong sis,2,20
How many mosquito nets does this household have?  ____________________,Kong sis,5,4
How many mosquito nets does this household have?  ____________________,Kong sis,4,12
How many mosquito nets does this household have?  ____________________,Kong sis,7,0
How many mosquito nets does this household have?  ____________________,Kong sis,6,3
How many mosquito nets does this household have?  ____________________,Kong sis,9,1
How many mosquito nets does this household have?  ____________________,Kong sis,8,0
How many mosquito nets does this household have?  ____________________,Nyangores,1,24
How many mosquito nets does this household have?  ____________________,Nyangores,0,22
How many mosquito nets does this household have?  ____________________,Nyangores,3,14
How many mosquito nets does this household have?  ____________________,Nyangores,2,32
How many mosquito nets does this household have?  ____________________,Nyangores,5,2
How many mosquito nets does this household have?  ____________________,Nyangores,4,7
How many mosquito nets does this household have?  ____________________,Nyangores,7,0
How many mosquito nets does this household have?  ____________________,Nyangores,6,0
How many mosquito nets does this household have?  ____________________,Nyangores,9,0
How many mosquito nets does this household have?  ____________________,Nyangores,8,0
How many mosquito nets does this household have?  ____________________,Mutarakwa,1,11
How many mosquito nets does this household have?  ____________________,Mutarakwa,0,9
How many mosquito nets does this household have?  ____________________,Mutarakwa,3,10
How many mosquito nets does this household have?  ____________________,Mutarakwa,2,21
How many mosquito nets does this household have?  ____________________,Mutarakwa,5,3
How many mosquito nets does this household have?  ____________________,Mutarakwa,4,4
How many mosquito nets does this household have?  ____________________,Mutarakwa,7,0
How many mosquito nets does this household have?  ____________________,Mutarakwa,6,0
How many mosquito nets does this household have?  ____________________,Mutarakwa,9,0
How many mosquito nets does this household have?  ____________________,Mutarakwa,8,0
How many mosquito nets does this household have?  ____________________,Chebunyo,1,12
How many mosquito nets does this household have?  ____________________,Chebunyo,0,36
How many mosquito nets does this household have?  ____________________,Chebunyo,3,10
How many mosquito nets does this household have?  ____________________,Chebunyo,2,23
How many mosquito nets does this household have?  ____________________,Chebunyo,5,2
How many mosquito nets does this household have?  ____________________,Chebunyo,4,8
How many mosquito nets does this household have?  ____________________,Chebunyo,7,0
How many mosquito nets does this household have?  ____________________,Chebunyo,6,1
How many mosquito nets does this household have?  ____________________,Chebunyo,9,0
How many mosquito nets does this household have?  ____________________,Chebunyo,8,0
How many mosquito nets does this household have?  ____________________,Ndaraweta,1,9
How many mosquito nets does this household have?  ____________________,Ndaraweta,0,10
How many mosquito nets does this household have?  ____________________,Ndaraweta,3,11
How many mosquito nets does this household have?  ____________________,Ndaraweta,2,10
How many mosquito nets does this household have?  ____________________,Ndaraweta,5,6
How many mosquito nets does this household have?  ____________________,Ndaraweta,4,11
How many mosquito nets does this household have?  ____________________,Ndaraweta,7,1
How many mosquito nets does this household have?  ____________________,Ndaraweta,6,2
How many mosquito nets does this household have?  ____________________,Ndaraweta,9,0
How many mosquito nets does this household have?  ____________________,Ndaraweta,8,0
How many mosquito nets does this household have?  ____________________,Cheseon,1,12
How many mosquito nets does this household have?  ____________________,Cheseon,0,10
How many mosquito nets does this household have?  ____________________,Cheseon,3,14
How many mosquito nets does this household have?  ____________________,Cheseon,2,22
How many mosquito nets does this household have?  ____________________,Cheseon,5,8
How many mosquito nets does this household have?  ____________________,Cheseon,4,21
How many mosquito nets does this household have?  ____________________,Cheseon,7,0
How many mosquito nets does this household have?  ____________________,Cheseon,6,4
How many mosquito nets does this household have?  ____________________,Cheseon,9,1
How many mosquito nets does this household have?  ____________________,Cheseon,8,0
Who usually goes to this source to fetch water,Sigor,Male child under 15 years old,0
Who usually goes to this source to fetch water,Sigor,Other,1
Who usually goes to this source to fetch water,Sigor,Female child under 15 years old,0
Who usually goes to this source to fetch water,Sigor,Adult woman,96
Who usually goes to this source to fetch water,Sigor,Adult man,1
Who usually goes to this source to fetch water,Siongiroi,Male child under 15 years old,0
Who usually goes to this source to fetch water,Siongiroi,Other,0
Who usually goes to this source to fetch water,Siongiroi,Female child under 15 years old,2
Who usually goes to this source to fetch water,Siongiroi,Adult woman,82
Who usually goes to this source to fetch water,Siongiroi,Adult man,0
Who usually goes to this source to fetch water,Singorwet,Male child under 15 years old,0
Who usually goes to this source to fetch water,Singorwet,Other,0
Who usually goes to this source to fetch water,Singorwet,Female child under 15 years old,0
Who usually goes to this source to fetch water,Singorwet,Adult woman,57
Who usually goes to this source to fetch water,Singorwet,Adult man,2
Who usually goes to this source to fetch water,Silibwet Township,Male child under 15 years old,0
Who usually goes to this source to fetch water,Silibwet Township,Other,2
Who usually goes to this source to fetch water,Silibwet Township,Female child under 15 years old,0
Who usually goes to this source to fetch water,Silibwet Township,Adult woman,74
Who usually goes to this source to fetch water,Silibwet Township,Adult man,0
Who usually goes to this source to fetch water,Kong sis,Male child under 15 years old,1
Who usually goes to this source to fetch water,Kong sis,Other,0
Who usually goes to this source to fetch water,Kong sis,Female child under 15 years old,4
Who usually goes to this source to fetch water,Kong sis,Adult woman,74
Who usually goes to this source to fetch water,Kong sis,Adult man,1
Who usually goes to this source to fetch water,Nyangores,Male child under 15 years old,0
Who usually goes to this source to fetch water,Nyangores,Other,6
Who usually goes to this source to fetch water,Nyangores,Female child under 15 years old,2
Who usually goes to this source to fetch water,Nyangores,Adult woman,93
Who usually goes to this source to fetch water,Nyangores,Adult man,0
Who usually goes to this source to fetch water,Mutarakwa,Male child under 15 years old,1
Who usually goes to this source to fetch water,Mutarakwa,Other,0
Who usually goes to this source to fetch water,Mutarakwa,Female child under 15 years old,0
Who usually goes to this source to fetch water,Mutarakwa,Adult woman,57
Who usually goes to this source to fetch water,Mutarakwa,Adult man,0
Who usually goes to this source to fetch water,Chebunyo,Male child under 15 years old,1
Who usually goes to this source to fetch water,Chebunyo,Other,1
Who usually goes to this source to fetch water,Chebunyo,Female child under 15 years old,0
Who usually goes to this source to fetch water,Chebunyo,Adult woman,89
Who usually goes to this source to fetch water,Chebunyo,Adult man,1
Who usually goes to this source to fetch water,Ndaraweta,Male child under 15 years old,0
Who usually goes to this source to fetch water,Ndaraweta,Other,0
Who usually goes to this source to fetch water,Ndaraweta,Female child under 15 years old,0
Who usually goes to this source to fetch water,Ndaraweta,Adult woman,60
Who usually goes to this source to fetch water,Ndaraweta,Adult man,0
Who usually goes to this source to fetch water,Cheseon,Male child under 15 years old,0
Who usually goes to this source to fetch water,Cheseon,Other,0
Who usually goes to this source to fetch water,Cheseon,Female child under 15 years old,0
Who usually goes to this source to fetch water,Cheseon,Adult woman,87
Who usually goes to this source to fetch water,Cheseon,Adult man,5
"In the last month, have you or anyone in your household borrowed cash, food or other items with or without interest?",Sigor,Yes,33
"In the last month, have you or anyone in your household borrowed cash, food or other items with or without interest?",Sigor,No,65
"In the last month, have you or anyone in your household borrowed cash, food or other items with or without interest?",Siongiroi,Yes,31
"In the last month, have you or anyone in your household borrowed cash, food or other items with or without interest?",Siongiroi,No,53
"In the last month, have you or anyone in your household borrowed cash, food or other items with or without interest?",Singorwet,Yes,24
"In the last month, have you or anyone in your household borrowed cash, food or other items with or without interest?",Singorwet,No,35
"In the last month, have you or anyone in your household borrowed cash, food or other items with or without interest?",Silibwet Township,Yes,38
"In the last month, have you or anyone in your household borrowed cash, food or other items with or without interest?",Silibwet Township,No,38
"In the last month, have you or anyone in your household borrowed cash, food or other items with or without interest?",Kong sis,Yes,16
"In the last month, have you or anyone in your household borrowed cash, food or other items with or without interest?",Kong sis,No,64
"In the last month, have you or anyone in your household borrowed cash, food or other items with or without interest?",Nyangores,Yes,29
"In the last month, have you or anyone in your household borrowed cash, food or other items with or without interest?",Nyangores,No,72
"In the last month, have you or anyone in your household borrowed cash, food or other items with or without interest?",Mutarakwa,Yes,31
"In the last month, have you or anyone in your household borrowed cash, food or other items with or without interest?",Mutarakwa,No,27
"In the last month, have you or anyone in your household borrowed cash, food or other items with or without interest?",Chebunyo,Yes,36
"In the last month, have you or anyone in your household borrowed cash, food or other items with or without interest?",Chebunyo,No,56
"In the last month, have you or anyone in your household borrowed cash, food or other items with or without interest?",Ndaraweta,Yes,26
"In the last month, have you or anyone in your household borrowed cash, food or other items with or without interest?",Ndaraweta,No,34
"In the last month, have you or anyone in your household borrowed cash, food or other items with or without interest?",Cheseon,Yes,42
"In the last month, have you or anyone in your household borrowed cash, food or other items with or without interest?",Cheseon,No,50
What do you usually do to make the water safer to drink?,Sigor, ,24
What do you usually do to make the water safer to drink?,Sigor,Use water filter (ceramic),0
What do you usually do to make the water safer to drink?,Sigor,Sand/composite/etc.,0
What do you usually do to make the water safer to drink?,Sigor,Strain through a cloth,0
What do you usually do to make the water safer to drink?,Sigor,Other,0
What do you usually do to make the water safer to drink?,Sigor,Add bleach/chlorine,20
What do you usually do to make the water safer to drink?,Sigor,Let it stand and settle,2
What do you usually do to make the water safer to drink?,Sigor,Don't know,1
What do you usually do to make the water safer to drink?,Sigor,Boil,51
What do you usually do to make the water safer to drink?,Siongiroi, ,19
What do you usually do to make the water safer to drink?,Siongiroi,Use water filter (ceramic),10
What do you usually do to make the water safer to drink?,Siongiroi,Sand/composite/etc.,1
What do you usually do to make the water safer to drink?,Siongiroi,Strain through a cloth,1
What do you usually do to make the water safer to drink?,Siongiroi,Other,0
What do you usually do to make the water safer to drink?,Siongiroi,Add bleach/chlorine,13
What do you usually do to make the water safer to drink?,Siongiroi,Let it stand and settle,0
What do you usually do to make the water safer to drink?,Siongiroi,Don't know,0
What do you usually do to make the water safer to drink?,Siongiroi,Boil,40
What do you usually do to make the water safer to drink?,Singorwet, ,19
What do you usually do to make the water safer to drink?,Singorwet,Use water filter (ceramic),4
What do you usually do to make the water safer to drink?,Singorwet,Sand/composite/etc.,0
What do you usually do to make the water safer to drink?,Singorwet,Strain through a cloth,0
What do you usually do to make the water safer to drink?,Singorwet,Other,3
What do you usually do to make the water safer to drink?,Singorwet,Add bleach/chlorine,6
What do you usually do to make the water safer to drink?,Singorwet,Let it stand and settle,2
What do you usually do to make the water safer to drink?,Singorwet,Don't know,0
What do you usually do to make the water safer to drink?,Singorwet,Boil,25
What do you usually do to make the water safer to drink?,Silibwet Township, ,24
What do you usually do to make the water safer to drink?,Silibwet Township,Use water filter (ceramic),0
What do you usually do to make the water safer to drink?,Silibwet Township,Sand/composite/etc.,0
What do you usually do to make the water safer to drink?,Silibwet Township,Strain through a cloth,0
What do you usually do to make the water safer to drink?,Silibwet Township,Other,1
What do you usually do to make the water safer to drink?,Silibwet Township,Add bleach/chlorine,3
What do you usually do to make the water safer to drink?,Silibwet Township,Let it stand and settle,1
What do you usually do to make the water safer to drink?,Silibwet Township,Don't know,0
What do you usually do to make the water safer to drink?,Silibwet Township,Boil,47
What do you usually do to make the water safer to drink?,Kong sis, ,14
What do you usually do to make the water safer to drink?,Kong sis,Use water filter (ceramic),4
What do you usually do to make the water safer to drink?,Kong sis,Sand/composite/etc.,0
What do you usually do to make the water safer to drink?,Kong sis,Strain through a cloth,0
What do you usually do to make the water safer to drink?,Kong sis,Other,0
What do you usually do to make the water safer to drink?,Kong sis,Add bleach/chlorine,5
What do you usually do to make the water safer to drink?,Kong sis,Let it stand and settle,1
What do you usually do to make the water safer to drink?,Kong sis,Don't know,0
What do you usually do to make the water safer to drink?,Kong sis,Boil,56
What do you usually do to make the water safer to drink?,Nyangores, ,64
What do you usually do to make the water safer to drink?,Nyangores,Use water filter (ceramic),2
What do you usually do to make the water safer to drink?,Nyangores,Sand/composite/etc.,0
What do you usually do to make the water safer to drink?,Nyangores,Strain through a cloth,0
What do you usually do to make the water safer to drink?,Nyangores,Other,1
What do you usually do to make the water safer to drink?,Nyangores,Add bleach/chlorine,8
What do you usually do to make the water safer to drink?,Nyangores,Let it stand and settle,1
What do you usually do to make the water safer to drink?,Nyangores,Don't know,0
What do you usually do to make the water safer to drink?,Nyangores,Boil,25
What do you usually do to make the water safer to drink?,Mutarakwa, ,35
What do you usually do to make the water safer to drink?,Mutarakwa,Use water filter (ceramic),0
What do you usually do to make the water safer to drink?,Mutarakwa,Sand/composite/etc.,1
What do you usually do to make the water safer to drink?,Mutarakwa,Strain through a cloth,0
What do you usually do to make the water safer to drink?,Mutarakwa,Other,0
What do you usually do to make the water safer to drink?,Mutarakwa,Add bleach/chlorine,2
What do you usually do to make the water safer to drink?,Mutarakwa,Let it stand and settle,2
What do you usually do to make the water safer to drink?,Mutarakwa,Don't know,0
What do you usually do to make the water safer to drink?,Mutarakwa,Boil,18
What do you usually do to make the water safer to drink?,Chebunyo, ,23
What do you usually do to make the water safer to drink?,Chebunyo,Use water filter (ceramic),0
What do you usually do to make the water safer to drink?,Chebunyo,Sand/composite/etc.,0
What do you usually do to make the water safer to drink?,Chebunyo,Strain through a cloth,0
What do you usually do to make the water safer to drink?,Chebunyo,Other,0
What do you usually do to make the water safer to drink?,Chebunyo,Add bleach/chlorine,20
What do you usually do to make the water safer to drink?,Chebunyo,Let it stand and settle,2
What do you usually do to make the water safer to drink?,Chebunyo,Don't know,0
What do you usually do to make the water safer to drink?,Chebunyo,Boil,47
What do you usually do to make the water safer to drink?,Ndaraweta, ,18
What do you usually do to make the water safer to drink?,Ndaraweta,Use water filter (ceramic),2
What do you usually do to make the water safer to drink?,Ndaraweta,Sand/composite/etc.,0
What do you usually do to make the water safer to drink?,Ndaraweta,Strain through a cloth,0
What do you usually do to make the water safer to drink?,Ndaraweta,Other,3
What do you usually do to make the water safer to drink?,Ndaraweta,Add bleach/chlorine,6
What do you usually do to make the water safer to drink?,Ndaraweta,Let it stand and settle,1
What do you usually do to make the water safer to drink?,Ndaraweta,Don't know,0
What do you usually do to make the water safer to drink?,Ndaraweta,Boil,30
What do you usually do to make the water safer to drink?,Cheseon, ,35
What do you usually do to make the water safer to drink?,Cheseon,Use water filter (ceramic),1
What do you usually do to make the water safer to drink?,Cheseon,Sand/composite/etc.,0
What do you usually do to make the water safer to drink?,Cheseon,Strain through a cloth,0
What do you usually do to make the water safer to drink?,Cheseon,Other,0
What do you usually do to make the water safer to drink?,Cheseon,Add bleach/chlorine,11
What do you usually do to make the water safer to drink?,Cheseon,Let it stand and settle,1
What do you usually do to make the water safer to drink?,Cheseon,Don't know,0
What do you usually do to make the water safer to drink?,Cheseon,Boil,44
"The last time [NAME OF YOUNGEST CHILD] passed stools, what was done to dispose of the stools?",Sigor,Put/rinsed into drain or ditch,7
"The last time [NAME OF YOUNGEST CHILD] passed stools, what was done to dispose of the stools?",Sigor,Put/rinsed into toilet or latrine,63
"The last time [NAME OF YOUNGEST CHILD] passed stools, what was done to dispose of the stools?",Sigor,Child used toilet/latrine,9
"The last time [NAME OF YOUNGEST CHILD] passed stools, what was done to dispose of the stools?",Sigor,Buried,5
"The last time [NAME OF YOUNGEST CHILD] passed stools, what was done to dispose of the stools?",Sigor,Thrown into garbage,6
"The last time [NAME OF YOUNGEST CHILD] passed stools, what was done to dispose of the stools?",Sigor,Left in the open,7
"The last time [NAME OF YOUNGEST CHILD] passed stools, what was done to dispose of the stools?",Sigor,Other,1
"The last time [NAME OF YOUNGEST CHILD] passed stools, what was done to dispose of the stools?",Sigor,Don_t know,0
"The last time [NAME OF YOUNGEST CHILD] passed stools, what was done to dispose of the stools?",Siongiroi,Put/rinsed into drain or ditch,0
"The last time [NAME OF YOUNGEST CHILD] passed stools, what was done to dispose of the stools?",Siongiroi,Put/rinsed into toilet or latrine,45
"The last time [NAME OF YOUNGEST CHILD] passed stools, what was done to dispose of the stools?",Siongiroi,Child used toilet/latrine,14
"The last time [NAME OF YOUNGEST CHILD] passed stools, what was done to dispose of the stools?",Siongiroi,Buried,3
"The last time [NAME OF YOUNGEST CHILD] passed stools, what was done to dispose of the stools?",Siongiroi,Thrown into garbage,2
"The last time [NAME OF YOUNGEST CHILD] passed stools, what was done to dispose of the stools?",Siongiroi,Left in the open,7
"The last time [NAME OF YOUNGEST CHILD] passed stools, what was done to dispose of the stools?",Siongiroi,Other,11
"The last time [NAME OF YOUNGEST CHILD] passed stools, what was done to dispose of the stools?",Siongiroi,Don_t know,2
"The last time [NAME OF YOUNGEST CHILD] passed stools, what was done to dispose of the stools?",Singorwet,Put/rinsed into drain or ditch,6
"The last time [NAME OF YOUNGEST CHILD] passed stools, what was done to dispose of the stools?",Singorwet,Put/rinsed into toilet or latrine,25
"The last time [NAME OF YOUNGEST CHILD] passed stools, what was done to dispose of the stools?",Singorwet,Child used toilet/latrine,4
"The last time [NAME OF YOUNGEST CHILD] passed stools, what was done to dispose of the stools?",Singorwet,Buried,8
"The last time [NAME OF YOUNGEST CHILD] passed stools, what was done to dispose of the stools?",Singorwet,Thrown into garbage,3
"The last time [NAME OF YOUNGEST CHILD] passed stools, what was done to dispose of the stools?",Singorwet,Left in the open,0
"The last time [NAME OF YOUNGEST CHILD] passed stools, what was done to dispose of the stools?",Singorwet,Other,2
"The last time [NAME OF YOUNGEST CHILD] passed stools, what was done to dispose of the stools?",Singorwet,Don_t know,11
"The last time [NAME OF YOUNGEST CHILD] passed stools, what was done to dispose of the stools?",Silibwet Township,Put/rinsed into drain or ditch,10
"The last time [NAME OF YOUNGEST CHILD] passed stools, what was done to dispose of the stools?",Silibwet Township,Put/rinsed into toilet or latrine,35
"The last time [NAME OF YOUNGEST CHILD] passed stools, what was done to dispose of the stools?",Silibwet Township,Child used toilet/latrine,9
"The last time [NAME OF YOUNGEST CHILD] passed stools, what was done to dispose of the stools?",Silibwet Township,Buried,5
"The last time [NAME OF YOUNGEST CHILD] passed stools, what was done to dispose of the stools?",Silibwet Township,Thrown into garbage,1
"The last time [NAME OF YOUNGEST CHILD] passed stools, what was done to dispose of the stools?",Silibwet Township,Left in the open,1
"The last time [NAME OF YOUNGEST CHILD] passed stools, what was done to dispose of the stools?",Silibwet Township,Other,6
"The last time [NAME OF YOUNGEST CHILD] passed stools, what was done to dispose of the stools?",Silibwet Township,Don_t know,9
"The last time [NAME OF YOUNGEST CHILD] passed stools, what was done to dispose of the stools?",Kong sis,Put/rinsed into drain or ditch,2
"The last time [NAME OF YOUNGEST CHILD] passed stools, what was done to dispose of the stools?",Kong sis,Put/rinsed into toilet or latrine,41
"The last time [NAME OF YOUNGEST CHILD] passed stools, what was done to dispose of the stools?",Kong sis,Child used toilet/latrine,19
"The last time [NAME OF YOUNGEST CHILD] passed stools, what was done to dispose of the stools?",Kong sis,Buried,3
"The last time [NAME OF YOUNGEST CHILD] passed stools, what was done to dispose of the stools?",Kong sis,Thrown into garbage,6
"The last time [NAME OF YOUNGEST CHILD] passed stools, what was done to dispose of the stools?",Kong sis,Left in the open,6
"The last time [NAME OF YOUNGEST CHILD] passed stools, what was done to dispose of the stools?",Kong sis,Other,3
"The last time [NAME OF YOUNGEST CHILD] passed stools, what was done to dispose of the stools?",Kong sis,Don_t know,0
"The last time [NAME OF YOUNGEST CHILD] passed stools, what was done to dispose of the stools?",Nyangores,Put/rinsed into drain or ditch,4
"The last time [NAME OF YOUNGEST CHILD] passed stools, what was done to dispose of the stools?",Nyangores,Put/rinsed into toilet or latrine,63
"The last time [NAME OF YOUNGEST CHILD] passed stools, what was done to dispose of the stools?",Nyangores,Child used toilet/latrine,13
"The last time [NAME OF YOUNGEST CHILD] passed stools, what was done to dispose of the stools?",Nyangores,Buried,6
"The last time [NAME OF YOUNGEST CHILD] passed stools, what was done to dispose of the stools?",Nyangores,Thrown into garbage,4
"The last time [NAME OF YOUNGEST CHILD] passed stools, what was done to dispose of the stools?",Nyangores,Left in the open,6
"The last time [NAME OF YOUNGEST CHILD] passed stools, what was done to dispose of the stools?",Nyangores,Other,2
"The last time [NAME OF YOUNGEST CHILD] passed stools, what was done to dispose of the stools?",Nyangores,Don_t know,3
"The last time [NAME OF YOUNGEST CHILD] passed stools, what was done to dispose of the stools?",Mutarakwa,Put/rinsed into drain or ditch,2
"The last time [NAME OF YOUNGEST CHILD] passed stools, what was done to dispose of the stools?",Mutarakwa,Put/rinsed into toilet or latrine,24
"The last time [NAME OF YOUNGEST CHILD] passed stools, what was done to dispose of the stools?",Mutarakwa,Child used toilet/latrine,15
"The last time [NAME OF YOUNGEST CHILD] passed stools, what was done to dispose of the stools?",Mutarakwa,Buried,4
"The last time [NAME OF YOUNGEST CHILD] passed stools, what was done to dispose of the stools?",Mutarakwa,Thrown into garbage,4
"The last time [NAME OF YOUNGEST CHILD] passed stools, what was done to dispose of the stools?",Mutarakwa,Left in the open,0
"The last time [NAME OF YOUNGEST CHILD] passed stools, what was done to dispose of the stools?",Mutarakwa,Other,4
"The last time [NAME OF YOUNGEST CHILD] passed stools, what was done to dispose of the stools?",Mutarakwa,Don_t know,5
"The last time [NAME OF YOUNGEST CHILD] passed stools, what was done to dispose of the stools?",Chebunyo,Put/rinsed into drain or ditch,4
"The last time [NAME OF YOUNGEST CHILD] passed stools, what was done to dispose of the stools?",Chebunyo,Put/rinsed into toilet or latrine,51
"The last time [NAME OF YOUNGEST CHILD] passed stools, what was done to dispose of the stools?",Chebunyo,Child used toilet/latrine,12
"The last time [NAME OF YOUNGEST CHILD] passed stools, what was done to dispose of the stools?",Chebunyo,Buried,4
"The last time [NAME OF YOUNGEST CHILD] passed stools, what was done to dispose of the stools?",Chebunyo,Thrown into garbage,4
"The last time [NAME OF YOUNGEST CHILD] passed stools, what was done to dispose of the stools?",Chebunyo,Left in the open,11
"The last time [NAME OF YOUNGEST CHILD] passed stools, what was done to dispose of the stools?",Chebunyo,Other,3
"The last time [NAME OF YOUNGEST CHILD] passed stools, what was done to dispose of the stools?",Chebunyo,Don_t know,3
"The last time [NAME OF YOUNGEST CHILD] passed stools, what was done to dispose of the stools?",Ndaraweta,Put/rinsed into drain or ditch,8
"The last time [NAME OF YOUNGEST CHILD] passed stools, what was done to dispose of the stools?",Ndaraweta,Put/rinsed into toilet or latrine,21
"The last time [NAME OF YOUNGEST CHILD] passed stools, what was done to dispose of the stools?",Ndaraweta,Child used toilet/latrine,17
"The last time [NAME OF YOUNGEST CHILD] passed stools, what was done to dispose of the stools?",Ndaraweta,Buried,4
"The last time [NAME OF YOUNGEST CHILD] passed stools, what was done to dispose of the stools?",Ndaraweta,Thrown into garbage,1
"The last time [NAME OF YOUNGEST CHILD] passed stools, what was done to dispose of the stools?",Ndaraweta,Left in the open,0
"The last time [NAME OF YOUNGEST CHILD] passed stools, what was done to dispose of the stools?",Ndaraweta,Other,5
"The last time [NAME OF YOUNGEST CHILD] passed stools, what was done to dispose of the stools?",Ndaraweta,Don_t know,4
"The last time [NAME OF YOUNGEST CHILD] passed stools, what was done to dispose of the stools?",Cheseon,Put/rinsed into drain or ditch,8
"The last time [NAME OF YOUNGEST CHILD] passed stools, what was done to dispose of the stools?",Cheseon,Put/rinsed into toilet or latrine,38
"The last time [NAME OF YOUNGEST CHILD] passed stools, what was done to dispose of the stools?",Cheseon,Child used toilet/latrine,22
"The last time [NAME OF YOUNGEST CHILD] passed stools, what was done to dispose of the stools?",Cheseon,Buried,6
"The last time [NAME OF YOUNGEST CHILD] passed stools, what was done to dispose of the stools?",Cheseon,Thrown into garbage,2
"The last time [NAME OF YOUNGEST CHILD] passed stools, what was done to dispose of the stools?",Cheseon,Left in the open,0
"The last time [NAME OF YOUNGEST CHILD] passed stools, what was done to dispose of the stools?",Cheseon,Other,8
"The last time [NAME OF YOUNGEST CHILD] passed stools, what was done to dispose of the stools?",Cheseon,Don_t know,8
"Does your toilet have hand washing facilities? (Sink, running tap, water bucket, etc.)",Sigor, ,2
"Does your toilet have hand washing facilities? (Sink, running tap, water bucket, etc.)",Sigor,Yes,4
"Does your toilet have hand washing facilities? (Sink, running tap, water bucket, etc.)",Sigor,No,92
"Does your toilet have hand washing facilities? (Sink, running tap, water bucket, etc.)",Siongiroi, ,2
"Does your toilet have hand washing facilities? (Sink, running tap, water bucket, etc.)",Siongiroi,Yes,8
"Does your toilet have hand washing facilities? (Sink, running tap, water bucket, etc.)",Siongiroi,No,74
"Does your toilet have hand washing facilities? (Sink, running tap, water bucket, etc.)",Singorwet, ,0
"Does your toilet have hand washing facilities? (Sink, running tap, water bucket, etc.)",Singorwet,Yes,9
"Does your toilet have hand washing facilities? (Sink, running tap, water bucket, etc.)",Singorwet,No,50
"Does your toilet have hand washing facilities? (Sink, running tap, water bucket, etc.)",Silibwet Township, ,0
"Does your toilet have hand washing facilities? (Sink, running tap, water bucket, etc.)",Silibwet Township,Yes,12
"Does your toilet have hand washing facilities? (Sink, running tap, water bucket, etc.)",Silibwet Township,No,64
"Does your toilet have hand washing facilities? (Sink, running tap, water bucket, etc.)",Kong sis, ,0
"Does your toilet have hand washing facilities? (Sink, running tap, water bucket, etc.)",Kong sis,Yes,0
"Does your toilet have hand washing facilities? (Sink, running tap, water bucket, etc.)",Kong sis,No,80
"Does your toilet have hand washing facilities? (Sink, running tap, water bucket, etc.)",Nyangores, ,3
"Does your toilet have hand washing facilities? (Sink, running tap, water bucket, etc.)",Nyangores,Yes,6
"Does your toilet have hand washing facilities? (Sink, running tap, water bucket, etc.)",Nyangores,No,92
"Does your toilet have hand washing facilities? (Sink, running tap, water bucket, etc.)",Mutarakwa, ,0
"Does your toilet have hand washing facilities? (Sink, running tap, water bucket, etc.)",Mutarakwa,Yes,10
"Does your toilet have hand washing facilities? (Sink, running tap, water bucket, etc.)",Mutarakwa,No,48
"Does your toilet have hand washing facilities? (Sink, running tap, water bucket, etc.)",Chebunyo, ,7
"Does your toilet have hand washing facilities? (Sink, running tap, water bucket, etc.)",Chebunyo,Yes,2
"Does your toilet have hand washing facilities? (Sink, running tap, water bucket, etc.)",Chebunyo,No,83
"Does your toilet have hand washing facilities? (Sink, running tap, water bucket, etc.)",Ndaraweta, ,0
"Does your toilet have hand washing facilities? (Sink, running tap, water bucket, etc.)",Ndaraweta,Yes,5
"Does your toilet have hand washing facilities? (Sink, running tap, water bucket, etc.)",Ndaraweta,No,55
"Does your toilet have hand washing facilities? (Sink, running tap, water bucket, etc.)",Cheseon, ,0
"Does your toilet have hand washing facilities? (Sink, running tap, water bucket, etc.)",Cheseon,Yes,11
"Does your toilet have hand washing facilities? (Sink, running tap, water bucket, etc.)",Cheseon,No,81
What is the main reason you are not satisfied with the water supply?,Sigor, ,61
What is the main reason you are not satisfied with the water supply?,Sigor,Long distance,5
What is the main reason you are not satisfied with the water supply?,Sigor,Bad taste,0
What is the main reason you are not satisfied with the water supply?,Sigor,Long waiting queue,8
What is the main reason you are not satisfied with the water supply?,Sigor,Not enough,10
What is the main reason you are not satisfied with the water supply?,Sigor,Irregular supply,8
What is the main reason you are not satisfied with the water supply?,Sigor,Bad quality,5
What is the main reason you are not satisfied with the water supply?,Sigor,Have to pay/buy,1
What is the main reason you are not satisfied with the water supply?,Sigor,Other,0
What is the main reason you are not satisfied with the water supply?,Sigor,Don_t know,0
What is the main reason you are not satisfied with the water supply?,Siongiroi, ,47
What is the main reason you are not satisfied with the water supply?,Siongiroi,Long distance,2
What is the main reason you are not satisfied with the water supply?,Siongiroi,Bad taste,0
What is the main reason you are not satisfied with the water supply?,Siongiroi,Long waiting queue,0
What is the main reason you are not satisfied with the water supply?,Siongiroi,Not enough,15
What is the main reason you are not satisfied with the water supply?,Siongiroi,Irregular supply,4
What is the main reason you are not satisfied with the water supply?,Siongiroi,Bad quality,16
What is the main reason you are not satisfied with the water supply?,Siongiroi,Have to pay/buy,0
What is the main reason you are not satisfied with the water supply?,Siongiroi,Other,0
What is the main reason you are not satisfied with the water supply?,Siongiroi,Don_t know,0
What is the main reason you are not satisfied with the water supply?,Singorwet, ,28
What is the main reason you are not satisfied with the water supply?,Singorwet,Long distance,8
What is the main reason you are not satisfied with the water supply?,Singorwet,Bad taste,2
What is the main reason you are not satisfied with the water supply?,Singorwet,Long waiting queue,3
What is the main reason you are not satisfied with the water supply?,Singorwet,Not enough,16
What is the main reason you are not satisfied with the water supply?,Singorwet,Irregular supply,1
What is the main reason you are not satisfied with the water supply?,Singorwet,Bad quality,1
What is the main reason you are not satisfied with the water supply?,Singorwet,Have to pay/buy,0
What is the main reason you are not satisfied with the water supply?,Singorwet,Other,0
What is the main reason you are not satisfied with the water supply?,Singorwet,Don_t know,0
What is the main reason you are not satisfied with the water supply?,Silibwet Township, ,51
What is the main reason you are not satisfied with the water supply?,Silibwet Township,Long distance,5
What is the main reason you are not satisfied with the water supply?,Silibwet Township,Bad taste,1
What is the main reason you are not satisfied with the water supply?,Silibwet Township,Long waiting queue,1
What is the main reason you are not satisfied with the water supply?,Silibwet Township,Not enough,13
What is the main reason you are not satisfied with the water supply?,Silibwet Township,Irregular supply,0
What is the main reason you are not satisfied with the water supply?,Silibwet Township,Bad quality,4
What is the main reason you are not satisfied with the water supply?,Silibwet Township,Have to pay/buy,0
What is the main reason you are not satisfied with the water supply?,Silibwet Township,Other,0
What is the main reason you are not satisfied with the water supply?,Silibwet Township,Don_t know,1
What is the main reason you are not satisfied with the water supply?,Kong sis, ,50
What is the main reason you are not satisfied with the water supply?,Kong sis,Long distance,1
What is the main reason you are not satisfied with the water supply?,Kong sis,Bad taste,1
What is the main reason you are not satisfied with the water supply?,Kong sis,Long waiting queue,0
What is the main reason you are not satisfied with the water supply?,Kong sis,Not enough,12
What is the main reason you are not satisfied with the water supply?,Kong sis,Irregular supply,6
What is the main reason you are not satisfied with the water supply?,Kong sis,Bad quality,10
What is the main reason you are not satisfied with the water supply?,Kong sis,Have to pay/buy,0
What is the main reason you are not satisfied with the water supply?,Kong sis,Other,0
What is the main reason you are not satisfied with the water supply?,Kong sis,Don_t know,0
What is the main reason you are not satisfied with the water supply?,Nyangores, ,60
What is the main reason you are not satisfied with the water supply?,Nyangores,Long distance,10
What is the main reason you are not satisfied with the water supply?,Nyangores,Bad taste,0
What is the main reason you are not satisfied with the water supply?,Nyangores,Long waiting queue,0
What is the main reason you are not satisfied with the water supply?,Nyangores,Not enough,11
What is the main reason you are not satisfied with the water supply?,Nyangores,Irregular supply,9
What is the main reason you are not satisfied with the water supply?,Nyangores,Bad quality,3
What is the main reason you are not satisfied with the water supply?,Nyangores,Have to pay/buy,4
What is the main reason you are not satisfied with the water supply?,Nyangores,Other,4
What is the main reason you are not satisfied with the water supply?,Nyangores,Don_t know,0
What is the main reason you are not satisfied with the water supply?,Mutarakwa, ,16
What is the main reason you are not satisfied with the water supply?,Mutarakwa,Long distance,6
What is the main reason you are not satisfied with the water supply?,Mutarakwa,Bad taste,0
What is the main reason you are not satisfied with the water supply?,Mutarakwa,Long waiting queue,3
What is the main reason you are not satisfied with the water supply?,Mutarakwa,Not enough,11
What is the main reason you are not satisfied with the water supply?,Mutarakwa,Irregular supply,9
What is the main reason you are not satisfied with the water supply?,Mutarakwa,Bad quality,13
What is the main reason you are not satisfied with the water supply?,Mutarakwa,Have to pay/buy,0
What is the main reason you are not satisfied with the water supply?,Mutarakwa,Other,0
What is the main reason you are not satisfied with the water supply?,Mutarakwa,Don_t know,0
What is the main reason you are not satisfied with the water supply?,Chebunyo, ,55
What is the main reason you are not satisfied with the water supply?,Chebunyo,Long distance,11
What is the main reason you are not satisfied with the water supply?,Chebunyo,Bad taste,2
What is the main reason you are not satisfied with the water supply?,Chebunyo,Long waiting queue,1
What is the main reason you are not satisfied with the water supply?,Chebunyo,Not enough,15
What is the main reason you are not satisfied with the water supply?,Chebunyo,Irregular supply,0
What is the main reason you are not satisfied with the water supply?,Chebunyo,Bad quality,7
What is the main reason you are not satisfied with the water supply?,Chebunyo,Have to pay/buy,0
What is the main reason you are not satisfied with the water supply?,Chebunyo,Other,1
What is the main reason you are not satisfied with the water supply?,Chebunyo,Don_t know,0
What is the main reason you are not satisfied with the water supply?,Ndaraweta, ,37
What is the main reason you are not satisfied with the water supply?,Ndaraweta,Long distance,6
What is the main reason you are not satisfied with the water supply?,Ndaraweta,Bad taste,0
What is the main reason you are not satisfied with the water supply?,Ndaraweta,Long waiting queue,1
What is the main reason you are not satisfied with the water supply?,Ndaraweta,Not enough,12
What is the main reason you are not satisfied with the water supply?,Ndaraweta,Irregular supply,4
What is the main reason you are not satisfied with the water supply?,Ndaraweta,Bad quality,0
What is the main reason you are not satisfied with the water supply?,Ndaraweta,Have to pay/buy,0
What is the main reason you are not satisfied with the water supply?,Ndaraweta,Other,0
What is the main reason you are not satisfied with the water supply?,Ndaraweta,Don_t know,0
What is the main reason you are not satisfied with the water supply?,Cheseon, ,60
What is the main reason you are not satisfied with the water supply?,Cheseon,Long distance,9
What is the main reason you are not satisfied with the water supply?,Cheseon,Bad taste,0
What is the main reason you are not satisfied with the water supply?,Cheseon,Long waiting queue,3
What is the main reason you are not satisfied with the water supply?,Cheseon,Not enough,15
What is the main reason you are not satisfied with the water supply?,Cheseon,Irregular supply,2
What is the main reason you are not satisfied with the water supply?,Cheseon,Bad quality,2
What is the main reason you are not satisfied with the water supply?,Cheseon,Have to pay/buy,0
What is the main reason you are not satisfied with the water supply?,Cheseon,Other,1
What is the main reason you are not satisfied with the water supply?,Cheseon,Don_t know,0
Most people you know only wash their hands with soap after going to the toilet,Sigor,Maybe,17
Most people you know only wash their hands with soap after going to the toilet,Sigor,Yes,53
Most people you know only wash their hands with soap after going to the toilet,Sigor,Don't Know,11
Most people you know only wash their hands with soap after going to the toilet,Sigor,No,17
Most people you know only wash their hands with soap after going to the toilet,Siongiroi,Maybe,18
Most people you know only wash their hands with soap after going to the toilet,Siongiroi,Yes,44
Most people you know only wash their hands with soap after going to the toilet,Siongiroi,Don't Know,16
Most people you know only wash their hands with soap after going to the toilet,Siongiroi,No,6
Most people you know only wash their hands with soap after going to the toilet,Singorwet,Maybe,6
Most people you know only wash their hands with soap after going to the toilet,Singorwet,Yes,23
Most people you know only wash their hands with soap after going to the toilet,Singorwet,Don't Know,11
Most people you know only wash their hands with soap after going to the toilet,Singorwet,No,19
Most people you know only wash their hands with soap after going to the toilet,Silibwet Township,Maybe,5
Most people you know only wash their hands with soap after going to the toilet,Silibwet Township,Yes,42
Most people you know only wash their hands with soap after going to the toilet,Silibwet Township,Don't Know,16
Most people you know only wash their hands with soap after going to the toilet,Silibwet Township,No,13
Most people you know only wash their hands with soap after going to the toilet,Kong sis,Maybe,20
Most people you know only wash their hands with soap after going to the toilet,Kong sis,Yes,47
Most people you know only wash their hands with soap after going to the toilet,Kong sis,Don't Know,6
Most people you know only wash their hands with soap after going to the toilet,Kong sis,No,7
Most people you know only wash their hands with soap after going to the toilet,Nyangores,Maybe,25
Most people you know only wash their hands with soap after going to the toilet,Nyangores,Yes,43
Most people you know only wash their hands with soap after going to the toilet,Nyangores,Don't Know,15
Most people you know only wash their hands with soap after going to the toilet,Nyangores,No,18
Most people you know only wash their hands with soap after going to the toilet,Mutarakwa,Maybe,8
Most people you know only wash their hands with soap after going to the toilet,Mutarakwa,Yes,18
Most people you know only wash their hands with soap after going to the toilet,Mutarakwa,Don't Know,8
Most people you know only wash their hands with soap after going to the toilet,Mutarakwa,No,24
Most people you know only wash their hands with soap after going to the toilet,Chebunyo,Maybe,16
Most people you know only wash their hands with soap after going to the toilet,Chebunyo,Yes,55
Most people you know only wash their hands with soap after going to the toilet,Chebunyo,Don't Know,12
Most people you know only wash their hands with soap after going to the toilet,Chebunyo,No,9
Most people you know only wash their hands with soap after going to the toilet,Ndaraweta,Maybe,6
Most people you know only wash their hands with soap after going to the toilet,Ndaraweta,Yes,23
Most people you know only wash their hands with soap after going to the toilet,Ndaraweta,Don't Know,15
Most people you know only wash their hands with soap after going to the toilet,Ndaraweta,No,16
Most people you know only wash their hands with soap after going to the toilet,Cheseon,Maybe,6
Most people you know only wash their hands with soap after going to the toilet,Cheseon,Yes,49
Most people you know only wash their hands with soap after going to the toilet,Cheseon,Don't Know,13
Most people you know only wash their hands with soap after going to the toilet,Cheseon,No,24
